spell_id,req_skill,source,note
2795,25,,Beer Basted Boar Ribs: req CraftLib 25 (server data: 10)
7428,80,,Enchant Bracer - Minor Deflection: req CraftLib 80 (server data: 1)
8895,225,,Goblin Rocket Boots: req CraftLib 225 (server data: 130)
9957,230,,Orcish War Leggings: req CraftLib 230 (server data: 210)
9972,240,,Ornate Mithril Breastplate: req CraftLib 240 (server data: 210)
9979,245,,Ornate Mithril Boots: req CraftLib 245 (server data: 210)
9980,245,,Ornate Mithril Helm: req CraftLib 245 (server data: 210)
11452,215,,Restorative Potion: req CraftLib 215 (server data: 210)
11456,,trainer|vendor,Goblin Rocket Fuel: source + vendor from CraftLib (server data: trainer)
12716,225,,Goblin Mortar: req CraftLib 225 (server data: 205)
12895,205,,Inlaid Mithril Cylinder Plans: req CraftLib 205 (server data: 200)
13028,175,,Goldthorn Tea: req CraftLib 175 (server data: none)
13240,205,,The Mortar: Reloaded: req CraftLib 205 (server data: none)
14891,300,,Smelt Dark Iron: req CraftLib 300 (server data: none)
15853,,trainer|vendor,Lean Wolf Steak: source + vendor from CraftLib (server data: trainer)
19047,250,,Cured Rugged Hide: req CraftLib 250 (server data: 230)
19058,250,,Rugged Armor Kit: req CraftLib 250 (server data: 230)
22704,,drop,Field Repair Bot 74A: source + drop from CraftLib (server data: none)
22813,285,,Gordok Ogre Suit: req CraftLib 285 (server data: none)
22815,285,,Gordok Ogre Suit: req CraftLib 285 (server data: 265)
22967,350,,Smelt Elementium: req CraftLib 350 (server data: none)
23486,285,,Dimensional Ripper - Everlook: req CraftLib 285 (server data: none)
23489,285,,Ultrasafe Transporter - Gadgetzan: req CraftLib 285 (server data: none)
24266,315,,Gurubashi Mojo Madness: req CraftLib 315 (server data: none)
25072,,vendor|reputation|drop,Enchant Gloves - Threat: source + vendor from CraftLib (server data: reputation|drop)
25080,,vendor|reputation|drop,Enchant Gloves - Superior Agility: source + vendor from CraftLib (server data: reputation|drop)
25083,,vendor|reputation|drop,Enchant Cloak - Stealth: source + vendor from CraftLib (server data: reputation|drop)
25084,,vendor|reputation|drop,Enchant Cloak - Subtlety: source + vendor from CraftLib (server data: reputation|drop)
25086,,vendor|reputation|drop,Enchant Cloak - Dodge: source + vendor from CraftLib (server data: reputation|drop)
26011,250,,Tranquil Mechanical Yeti: req CraftLib 250 (server data: 1)
26086,,vendor,Felcloth Bag: source + vendor from CraftLib (server data: none)
28580,385,,Transmute: Primal Shadow to Water: req CraftLib 385 (server data: none)
28581,385,,Transmute: Primal Water to Shadow: req CraftLib 385 (server data: none)
28582,385,,Transmute: Primal Mana to Fire: req CraftLib 385 (server data: none)
28583,385,,Transmute: Primal Fire to Mana: req CraftLib 385 (server data: none)
28584,385,,Transmute: Primal Life to Earth: req CraftLib 385 (server data: none)
28585,385,,Transmute: Primal Earth to Life: req CraftLib 385 (server data: none)
28586,390,,Super Rejuvenation Potion: req CraftLib 390 (server data: none)
28587,390,,Flask of Fortification: req CraftLib 390 (server data: none)
28588,390,,Flask of Mighty Restoration: req CraftLib 390 (server data: none)
28589,390,,Flask of Relentless Assault: req CraftLib 390 (server data: none)
28590,390,,Flask of Blinding Light: req CraftLib 390 (server data: none)
28591,390,,Flask of Pure Death: req CraftLib 390 (server data: none)
29361,375,,Smelt Khorium: req CraftLib 375 (server data: 350)
30307,340,,Hardened Adamantite Tube: req CraftLib 340 (server data: 350)
30308,340,,Khorium Power Core: req CraftLib 340 (server data: 350)
30309,340,,Felsteel Stabilizer: req CraftLib 340 (server data: 350)
31056,,drop,Khorium Band of Leaves: source + drop from CraftLib (server data: none)
31101,,vendor,Mystic Dawnstone: source + vendor from CraftLib (server data: none)
33285,,quest|vendor,Sporeling Snack: source + quest from CraftLib (server data: vendor)
36210,,quest|vendor,Clam Bar: source + quest from CraftLib (server data: vendor)
36954,350,,Dimensional Ripper - Area 52: req CraftLib 350 (server data: none)
36955,350,,Ultrasafe Transporter - Toshley's Station: req CraftLib 350 (server data: none)
39639,,quest,Elixir of Ironskin: source + quest from CraftLib (server data: none)
41458,360,,Cauldron of Major Arcane Protection: req CraftLib 360 (server data: none)
41500,360,,Cauldron of Major Fire Protection: req CraftLib 360 (server data: none)
41501,360,,Cauldron of Major Frost Protection: req CraftLib 360 (server data: none)
41502,360,,Cauldron of Major Nature Protection: req CraftLib 360 (server data: none)
41503,360,,Cauldron of Major Shadow Protection: req CraftLib 360 (server data: none)
42296,335,,Stewed Trout: req CraftLib 335 (server data: 320)
42302,375,,Fisherman's Feast: req CraftLib 375 (server data: 350)
42305,375,,Hot Buttered Trout: req CraftLib 375 (server data: 350)
42558,,quest|reputation,Don Julio's Heart: source + quest from CraftLib (server data: reputation)
43493,,quest,Steady Talasite: source + quest from CraftLib (server data: none)
46132,,quest|drop,Leather Gauntlets of the Sun: source + quest from CraftLib (server data: drop)
46134,,quest|drop,Gloves of Immortal Dusk: source + quest from CraftLib (server data: drop)
351766,340,trainer,Greater Drums of War: req CraftLib 340 (server data: 375); source + trainer from CraftLib (server data: none)
