spell_id,req_skill
2153,15
2159,85
2160,40
2161,55
2162,60
2165,100
2166,120
2167,100
2168,110
2331,25
2332,40
2334,50
2337,55
2385,10
2386,65
2392,40
2393,1
2394,40
2395,70
2396,70
2397,60
2399,85
2401,95
2402,75
2406,100
2539,10
2541,50
2544,75
2546,80
2549,100
2575,0
2576,50
2658,75
2659,65
2661,35
2662,1
2664,90
2665,65
2666,70
2668,105
2670,105
2672,120
2674,125
2675,145
2737,15
2738,20
2739,25
2740,110
2741,115
2742,120
2795,25
2964,75
3100,50
3101,50
3102,50
3104,50
3116,65
3117,125
3170,15
3171,90
3173,120
3176,125
3177,130
3274,50
3276,40
3277,80
3278,115
3292,95
3293,35
3294,70
3296,130
3304,65
3307,125
3308,155
3319,20
3320,25
3323,40
3324,45
3326,75
3328,110
3331,130
3333,135
3337,125
3447,110
3448,165
3449,165
3450,175
3452,160
3454,200
3464,125
3491,105
3492,160
3494,155
3496,180
3498,185
3501,165
3502,170
3506,155
3508,180
3538,125
3564,125
3569,165
3753,25
3755,45
3756,55
3757,80
3759,75
3760,150
3761,85
3763,80
3764,145
3766,125
3768,130
3770,135
3774,160
3776,180
3780,150
3811,125
3813,150
3816,35
3817,100
3818,150
3839,125
3840,35
3841,60
3842,70
3843,85
3845,80
3848,110
3850,110
3852,130
3855,125
3859,150
3861,185
3865,175
3866,110
3871,170
3909,50
3910,125
3914,30
3915,1
3922,30
3923,30
3924,50
3925,50
3926,65
3929,75
3930,75
3931,75
3932,85
3934,100
3936,105
3937,105
3938,105
3941,120
3942,125
3945,125
3946,125
3947,125
3949,130
3950,140
3953,145
3955,150
3956,150
3958,160
3961,170
3962,175
3963,175
3965,185
3967,190
3973,90
3977,60
3978,110
4037,50
4038,125
4094,175
6458,135
6499,50
6500,125
6517,110
6521,90
6661,190
6690,135
7135,115
7147,160
7151,175
7156,190
7179,90
7181,155
7223,185
7408,65
7412,50
7413,125
7420,15
7426,40
7428,20
7430,50
7454,45
7457,50
7623,30
7624,30
7745,100
7748,60
7771,70
7779,80
7788,90
7795,100
7817,95
7818,100
7836,80
7837,130
7841,100
7845,140
7857,120
7861,125
7863,125
7928,150
7934,80
8334,100
8465,40
8467,110
8483,160
8489,175
8758,140
8760,145
8762,160
8764,170
8766,175
8768,150
8770,190
8772,175
8774,180
8776,15
8791,185
8799,195
8804,210
8880,30
8895,225
9060,30
9062,30
9065,70
9068,95
9074,120
9145,125
9193,150
9194,150
9196,175
9198,180
9201,185
9206,195
9271,150
9785,200
9916,200
9918,200
9920,200
9921,200
9926,205
9928,205
9931,210
9935,215
9954,225
9959,230
9961,230
9968,235
9974,245
9983,30
9985,125
9986,130
9987,135
9993,210
10001,230
10003,235
10007,245
10011,250
10015,260
10097,175
10098,230
10248,200
10482,200
10487,200
10499,205
10507,205
10511,210
10518,210
10548,230
10552,230
10556,235
10558,235
10619,225
10621,225
10630,230
10632,250
10647,250
10650,255
10662,200
10841,240
11448,205
11449,185
11450,195
11451,205
11456,210
11457,215
11459,225
11460,230
11461,235
11465,235
11467,240
11473,245
11476,250
11478,250
11479,225
11480,225
11611,200
12044,1
12045,20
12046,75
12048,205
12049,205
12050,210
12052,210
12053,215
12055,215
12061,215
12065,225
12067,225
12069,225
12070,225
12071,225
12072,230
12073,230
12074,230
12076,235
12077,235
12079,235
12082,240
12088,245
12092,250
12180,200
12584,150
12585,175
12586,175
12589,195
12590,175
12591,200
12594,205
12595,205
12596,210
12599,215
12603,215
12609,200
12615,225
12618,230
12619,235
12621,245
12622,245
12656,200
12715,205
12716,205
12717,205
12718,205
12754,235
12755,230
12758,245
12759,240
12760,205
12895,200
12897,210
12899,205
12902,210
12903,215
12905,225
12906,230
12907,235
12908,240
13378,105
13421,115
13485,130
13501,130
13503,140
13529,145
13538,140
13607,145
13622,150
13626,150
13628,150
13631,155
13635,155
13637,160
13640,160
13642,165
13644,170
13648,170
13657,175
13659,180
13661,180
13663,185
13693,195
13695,200
13700,200
13702,200
13746,205
13794,205
13815,210
13822,210
13836,215
13858,220
13887,225
13890,225
13905,230
13917,230
13920,200
13935,235
13937,240
13939,240
13941,245
13943,245
13948,250
14293,10
14379,150
14380,200
14807,70
14809,155
14810,175
14930,225
14932,225
15255,200
15833,230
15853,125
15856,175
15972,180
16153,250
16639,250
16640,250
16641,250
17180,250
17181,250
17551,250
17552,255
17553,260
17555,270
17556,275
17557,275
17572,285
17573,285
18401,250
18402,255
18403,255
18406,260
18407,260
18409,265
18410,265
18411,265
18413,270
18414,270
18415,270
18416,275
18417,275
18420,275
18421,275
18423,280
18424,280
18437,285
18438,285
18441,290
18442,290
18444,295
18446,300
18449,300
18450,300
18451,300
18453,300
18629,260
18630,290
19047,230
19052,265
19055,270
19058,230
19065,275
19071,280
19072,280
19082,290
19083,290
19091,300
19092,300
19098,300
19102,300
19103,300
19567,250
19666,100
19667,150
19668,200
19669,275
19788,250
19790,260
19791,260
19792,260
19794,270
19795,275
19800,285
19825,290
20008,255
20012,270
20013,295
20014,265
20016,280
20023,295
20028,290
20201,275
20648,100
20649,150
20650,200
21175,200
22331,250
22480,225
22808,215
22815,265
23070,250
23071,260
24654,300
24655,280
25230,50
25278,50
25280,50
25283,30
25284,60
25287,70
25305,90
25317,80
25318,100
25321,120
25490,50
25498,110
25613,135
25615,150
25620,170
25621,180
26745,300
26746,315
26764,310
26765,310
26770,320
26771,325
26772,335
26790,275
26872,200
26874,210
26876,220
26880,225
26883,235
26885,240
26902,260
26903,275
26907,280
26908,280
26911,290
26916,310
26926,5
26927,50
26928,30
27899,305
27905,315
27944,310
27957,315
27961,310
28027,325
28028,350
28029,275
28544,305
28545,310
28551,325
28596,275
28894,125
28895,200
28897,275
29354,275
29356,300
29358,325
29359,350
29360,350
29361,350
29545,300
29547,305
29548,315
29549,315
29550,325
29551,300
29552,310
29553,315
29556,320
29557,310
29558,315
29565,320
29654,300
29686,375
29844,275
30303,300
30304,300
30305,300
30306,325
30307,350
30308,350
30309,350
30310,300
30311,325
30312,320
30346,310
30350,275
30558,325
30560,340
30563,350
30565,375
30566,375
30568,325
30569,340
30570,350
30574,375
30575,375
31048,310
31049,310
31050,320
31051,335
31052,335
31252,20
31460,300
32178,20
32179,20
32284,325
32454,300
32456,300
32462,300
32463,310
32464,320
32465,335
32466,300
32467,310
32468,325
32469,335
32470,300
32471,315
32472,320
32473,330
32478,300
32479,310
32480,320
32481,330
32549,275
32655,300
32664,300
32801,50
32807,110
32808,175
32809,225
33732,300
33733,310
33738,300
33740,300
33741,315
33990,320
33991,300
33993,305
33995,340
33996,310
34001,305
34002,300
34004,310
34529,350
34530,375
34533,350
34534,375
34535,350
34537,375
34538,350
34540,375
34541,350
34542,375
34543,350
34544,375
34545,350
34546,375
34547,350
34548,375
34607,300
34955,180
34959,200
34960,280
34961,290
34979,100
34981,200
34982,300
34983,350
35540,340
35575,375
35576,375
35577,375
35580,375
35582,375
35584,375
35585,375
35587,375
35588,375
35589,375
35590,375
35591,375
35750,300
35751,300
36074,260
36075,260
36076,260
36077,330
36078,330
36079,330
36122,260
36124,260
36125,260
36126,260
36128,260
36129,330
36130,330
36131,330
36133,330
36134,330
36135,330
36136,330
36137,330
36256,375
36257,375
36258,375
36259,375
36260,375
36261,375
36262,375
36263,375
36523,75
36524,105
36525,230
36526,265
37818,65
37836,1
38068,325
38070,325
38175,80
39636,310
39638,320
39971,335
39973,335
40274,350
40514,340
41307,375
41311,350
41312,350
41314,350
41315,350
41316,350
41317,350
41318,350
41319,350
41320,350
41321,350
41414,325
41415,330
41418,365
41420,325
41429,350
42296,320
42302,350
42305,350
42613,300
42615,335
44155,350
44157,375
44343,315
44344,315
44383,330
44770,350
44970,350
45061,325
45100,300
47280,350
