item_id,source
728,vendor|quest
2406,drop
2407,drop
2408,drop
2409,drop
2553,drop
2555,drop
2598,drop
2601,drop
2697,vendor|quest
2698,vendor|drop
2699,vendor|quest
2700,vendor|drop
2701,vendor|quest
2881,drop
2882,drop
2883,drop
2889,vendor|quest
3393,drop
3394,drop
3395,drop
3396,drop
3608,drop
3609,quest|drop
3610,drop
3611,drop
3612,drop
3678,vendor|quest
3679,vendor|quest
3680,vendor|quest
3681,vendor|quest
3682,vendor|quest
3683,vendor|quest
3734,vendor|quest
3735,vendor|quest
3736,quest
3737,quest
3830,drop
3831,drop
3832,drop
3866,drop
3867,drop
3868,drop
3869,drop
3870,drop
3871,drop
3872,drop
3873,drop
3874,drop
3875,drop
4213,drop
4292,drop
4293,drop
4294,drop
4296,drop
4297,drop
4298,drop
4299,drop
4300,drop
4301,drop
4345,drop
4346,drop
4347,drop
4348,drop
4349,drop
4350,drop
4351,drop
4352,drop
4353,drop
4354,drop
4355,vendor
4356,drop
4408,drop
4409,drop
4410,drop
4411,drop
4412,drop
4413,drop
4414,drop
4415,drop
4416,drop
4417,drop
4597,quest
4609,vendor|quest
4624,quest
5083,quest
5131,quest
5482,quest
5483,vendor
5484,vendor
5485,vendor
5486,vendor|quest
5487,quest
5488,vendor
5489,vendor
5528,vendor
5543,drop
5578,drop
5640,vendor
5642,vendor
5643,vendor
5771,vendor|drop
5772,vendor|drop
5773,drop
5774,drop
5775,drop
5786,vendor|drop
5787,vendor|drop
5788,vendor|drop
5789,vendor|drop
5972,drop
5973,vendor
5974,drop
6039,vendor
6044,drop
6045,drop
6046,drop
6047,vendor
6053,vendor
6054,vendor
6055,vendor
6056,vendor
6057,vendor
6068,vendor
6211,drop
6270,vendor
6271,drop
6272,vendor
6274,vendor
6275,vendor
6325,vendor
6326,vendor
6328,vendor
6329,vendor
6330,vendor
6342,vendor|drop
6344,drop
6346,vendor
6347,drop
6348,drop
6349,vendor
6368,vendor
6369,vendor
6375,drop
6377,vendor
6390,drop
6391,drop
6401,vendor
6454,drop
6474,vendor
6475,vendor
6476,quest
6661,drop
6663,drop
6672,quest
6710,quest
6716,drop
6735,quest
6892,vendor
7084,drop
7085,drop
7086,drop
7087,vendor
7088,vendor
7089,vendor
7090,drop
7091,drop
7092,drop
7114,vendor
7288,drop
7289,vendor
7290,vendor
7360,drop
7361,vendor
7362,vendor
7363,drop
7364,drop
7449,drop
7450,drop
7451,vendor
7452,drop
7453,drop
7560,vendor
7561,vendor
7613,vendor
7678,quest
7742,vendor|drop
7975,drop
7976,drop
7978,quest
7979,quest
7980,quest
7981,quest
7982,quest
7983,quest
7984,quest
7985,quest
7989,drop
7990,drop
7991,drop
7992,drop
7993,drop
7995,vendor
8028,drop
8029,drop
8030,vendor
8384,drop
8385,vendor|drop
8386,drop
8387,drop
8389,drop
8390,drop
8395,drop
8397,drop
8398,drop
8399,drop
8400,drop
8401,drop
8402,drop
8403,quest
8404,quest
8405,quest
8406,quest
8407,quest
8408,quest
8409,vendor
9214,drop
9293,drop
9294,drop
9295,drop
9296,drop
9297,drop
9298,drop
9300,vendor
9301,vendor
9302,vendor
9303,vendor
9304,vendor
9305,vendor
9367,quest
10300,drop
10301,drop
10302,drop
10311,vendor
10312,drop
10314,vendor
10315,drop
10316,drop
10317,vendor
10318,vendor
10320,drop
10321,vendor
10323,vendor
10325,vendor
10326,vendor
10424,drop
10463,quest
10601,drop
10602,vendor
10603,drop
10604,drop
10605,drop
10606,drop
10607,vendor
10608,drop
10609,vendor
10728,vendor
10858,vendor
11038,drop
11039,vendor|drop
11081,drop
11098,drop
11101,vendor
11150,drop
11151,drop
11152,drop
11163,vendor
11164,drop
11165,drop
11166,drop
11167,drop
11168,drop
11202,drop
11203,drop
11204,drop
11205,drop
11206,drop
11207,drop
11208,drop
11223,vendor
11224,drop
11225,drop
11226,drop
11610,drop
11611,drop
11612,drop
11614,drop
11615,drop
11732,drop
11733,drop
11734,drop
11736,drop
11737,drop
11813,drop
11827,drop
11828,drop
12162,vendor
12163,vendor
12164,vendor
12226,vendor
12227,vendor
12228,vendor
12229,vendor
12231,vendor
12232,vendor
12233,vendor
12239,vendor
12240,vendor
12261,drop
12682,drop
12683,drop
12684,drop
12685,drop
12687,quest
12688,quest
12689,drop
12690,quest
12691,drop
12692,drop
12693,drop
12694,drop
12695,drop
12696,quest
12697,drop
12698,drop
12699,quest
12700,quest
12701,quest
12702,drop
12703,vendor|drop
12704,drop
12705,quest
12706,drop
12707,drop
12711,drop
12713,drop
12714,drop
12715,quest
12716,drop
12717,drop
12718,drop
12719,drop
12720,drop
12725,quest
12726,quest
12727,quest
12728,drop
12819,vendor
12821,quest
12823,vendor
12824,quest
12825,quest
12827,drop
12828,drop
12830,drop
12833,drop
12834,drop
12835,drop
12836,drop
12837,drop
12838,drop
12839,drop
12958,vendor
13287,vendor
13288,vendor
13308,vendor
13309,vendor
13310,vendor
13311,vendor
13476,drop
13477,vendor
13478,vendor
13479,drop
13480,vendor
13481,drop
13482,vendor
13483,vendor
13484,vendor
13485,vendor
13486,drop
13487,drop
13488,drop
13489,drop
13490,drop
13491,drop
13492,drop
13493,drop
13494,drop
13495,drop
13496,drop
13497,drop
13499,drop
13501,vendor|drop
13518,drop
13519,drop
13520,drop
13521,drop
13522,drop
13939,vendor
13940,vendor
13941,vendor
13942,vendor
13943,vendor
13945,vendor
13946,vendor
13947,vendor
13948,vendor
13949,vendor
14466,drop
14467,drop
14468,vendor
14469,vendor
14470,drop
14471,drop
14472,vendor
14473,drop
14474,drop
14476,drop
14477,drop
14478,drop
14479,drop
14480,drop
14481,vendor
14482,drop
14483,vendor
14484,drop
14485,drop
14486,drop
14488,vendor
14489,drop
14490,drop
14491,drop
14492,drop
14493,drop
14494,drop
14495,drop
14496,drop
14497,drop
14498,drop
14499,drop
14500,drop
14501,drop
14504,drop
14505,drop
14506,drop
14507,drop
14508,drop
14509,drop
14510,drop
14511,drop
14512,drop
14513,drop
14514,drop
14526,vendor
14627,vendor
14630,vendor
14634,vendor
14635,vendor
14639,vendor
15724,vendor
15725,vendor
15726,vendor
15727,drop
15728,drop
15729,vendor
15730,drop
15731,drop
15732,drop
15733,drop
15734,vendor
15735,vendor
15737,drop
15738,drop
15739,drop
15740,vendor
15741,vendor
15742,vendor|drop
15743,drop
15744,drop
15745,drop
15746,drop
15747,drop
15748,drop
15749,drop
15751,vendor
15752,drop
15753,drop
15754,vendor|drop
15755,drop
15756,vendor
15757,drop
15758,vendor
15759,vendor
15760,drop
15761,drop
15762,vendor
15763,drop
15764,drop
15765,drop
15768,drop
15770,drop
15771,drop
15772,drop
15773,drop
15774,drop
15775,drop
15776,drop
15777,drop
15779,drop
15781,drop
16041,vendor
16042,vendor
16043,drop
16044,drop
16045,drop
16046,vendor
16047,vendor
16048,drop
16049,drop
16050,vendor
16051,drop
16052,drop
16053,drop
16054,drop
16055,drop
16056,drop
16072,vendor
16083,vendor
16084,vendor
16110,vendor
16111,vendor
16112,vendor
16113,vendor
16214,drop
16215,drop
16216,drop
16217,vendor
16218,drop
16219,drop
16220,drop
16221,vendor
16222,drop
16223,drop
16224,vendor
16242,drop
16243,vendor
16244,drop
16245,drop
16246,drop
16247,drop
16248,drop
16249,drop
16250,drop
16251,drop
16252,drop
16253,drop
16254,drop
16255,drop
16302,vendor
16316,vendor
16317,vendor
16318,vendor
16319,vendor
16320,vendor
16321,vendor
16322,vendor
16323,vendor
16324,vendor
16325,vendor
16326,vendor
16327,vendor
16328,vendor
16329,vendor
16330,vendor
16331,vendor
16346,vendor
16347,vendor
16348,vendor
16349,vendor
16350,vendor
16351,vendor
16352,vendor
16353,vendor
16354,vendor
16355,vendor
16356,vendor
16357,vendor
16358,vendor
16359,vendor
16360,vendor
16361,vendor
16362,vendor
16363,vendor
16364,vendor
16365,vendor
16366,vendor
16368,vendor
16371,vendor
16372,vendor
16373,vendor
16374,vendor
16375,vendor
16376,vendor
16377,vendor
16378,vendor
16379,vendor
16380,vendor
16381,vendor
16382,vendor
16383,vendor
16384,vendor
16385,vendor
16386,vendor
16387,vendor
16388,vendor
16389,vendor
16390,vendor
16665,drop
16767,vendor
17017,vendor
17018,vendor
17022,vendor
17023,vendor
17025,vendor
17049,vendor
17051,vendor
17052,vendor
17053,vendor
17059,vendor
17060,vendor
17062,vendor
17200,vendor
17201,vendor
17413,drop
17414,drop
17682,drop
17683,drop
17706,drop
17709,drop
17720,drop
17722,drop
17724,drop
17725,drop
18046,vendor
18160,vendor|quest
18239,vendor
18252,drop
18257,drop
18259,drop
18260,drop
18264,drop
18265,drop
18267,drop
18290,drop
18291,drop
18292,drop
18332,drop
18333,drop
18334,drop
18414,drop
18415,drop
18416,drop
18417,drop
18418,drop
18487,vendor
18514,drop
18515,drop
18516,drop
18517,drop
18518,drop
18519,drop
18592,quest
18600,drop
18647,vendor
18648,vendor
18649,vendor
18650,vendor
18651,vendor
18652,vendor
18653,drop
18654,drop
18655,drop
18656,vendor
18657,drop
18658,drop
18661,drop
18731,vendor
18949,vendor
19027,vendor
19202,vendor
19203,vendor
19204,vendor
19205,vendor
19206,vendor
19207,vendor
19208,vendor
19209,vendor
19210,vendor
19211,vendor
19212,vendor
19215,vendor
19216,vendor
19217,vendor
19218,vendor
19219,vendor
19220,vendor
19326,vendor
19327,vendor
19328,vendor
19329,vendor
19330,vendor
19331,vendor
19332,vendor
19333,vendor
19442,vendor
19444,vendor
19445,vendor
19446,vendor
19447,vendor
19448,vendor
19449,vendor
19764,vendor
19765,vendor
19766,vendor
19769,vendor
19770,vendor
19771,vendor
19772,vendor
19773,vendor
19776,vendor
19777,vendor
19778,vendor
19779,vendor
19780,vendor
19781,vendor
20000,vendor
20001,vendor
20011,vendor
20012,vendor
20013,vendor
20014,vendor
20040,vendor
20075,vendor
20253,vendor
20254,vendor
20382,vendor
20506,vendor
20507,vendor
20508,vendor
20509,vendor
20510,vendor
20511,vendor
20546,drop
20547,drop
20548,drop
20553,drop
20554,drop
20555,drop
20576,vendor
20726,drop
20727,drop
20728,drop
20729,drop
20730,drop
20731,drop
20732,vendor
20733,vendor
20734,drop
20735,drop
20736,drop
20752,vendor
20753,vendor
20754,vendor
20755,vendor
20756,vendor
20757,vendor
20758,vendor
20761,vendor
21025,quest
21099,vendor
21214,drop
21219,vendor
21279,drop
21280,drop
21281,drop
21282,drop
21283,drop
21284,drop
21285,drop
21287,drop
21288,drop
21289,drop
21290,drop
21291,drop
21292,drop
21293,drop
21294,drop
21295,drop
21296,drop
21297,drop
21298,drop
21299,drop
21300,drop
21302,drop
21303,drop
21304,drop
21306,drop
21307,drop
21358,vendor
21371,drop
21547,drop
21548,drop
21722,quest
21723,quest
21724,drop
21725,drop
21726,drop
21727,drop
21728,drop
21729,drop
21730,drop
21731,drop
21732,drop
21733,drop
21734,drop
21735,drop
21737,quest
21738,quest
22209,vendor
22214,vendor
22219,vendor
22220,drop
22221,vendor
22222,drop
22307,vendor
22308,vendor
22309,drop
22310,vendor
22312,vendor
22388,drop
22389,drop
22390,drop
22392,vendor
22393,drop
22683,vendor
22729,quest
22739,drop
22766,vendor
22767,vendor
22768,vendor
22769,vendor
22770,vendor
22771,vendor
22772,vendor
22773,vendor
22774,vendor
22890,drop
22891,drop
22897,drop
23320,drop
23689,quest
23690,quest
24101,drop
24102,drop
